Method, Cyclomatic Complexity
testEmptyMapIterator, 3
asEnumeration, 1
testListListIteratorNextRemovePrevious, 3
emptyMultiSet, 1
testCollatedIterator, 1
falsePredicate, 1
setPredicate, 1
setOffset, 2
testBloomFilterBasedMergeEdgeCases, 1
setUp, 1
testMultiSetRemove, 2
testForEachPairReturnFalseLateShortArray, 1
testAsIndexArray, 2
testNewArrayList, 1
testUnknownObjectBehavior, 1
chainedComparator, 1
testBadListComparatorChain, 1
testIntCollectionAddAll, 1
testClearException, 1
emptyOrderedIterator, 1
testPrefixMapClear, 1
sizeIsEmpty, 8
duplicateSet, 1
makeKey, 1
testMapIteratorRemoveGetValue, 2
updateNode, 1
size, 1
transformedCollection, 2
emptyCollection, 1
setCollection, 1
testCosineSimilarity, 1
testReverseListSort, 1
nullCollectionToGetInstance, 1
testListIteratorSet, 2
bulkTestBidiMapIterator, 1
testAddMultiple, 1
testGetEnumeration, 1
testKeySetSize, 1
testResolveCollision, 1
exceptionClosure, 1
testMultiSetEqualsSelf, 2
readValueUnderLock, 1
jaccardDistance, 1
testFailedCollisionResolution, 1
testSizeIsEmpty_Map, 1
emptySortedBag, 1
makeTestBag, 1
testAdvanceOnCount, 2
testSimpleSerialization, 2
synchronizedMap, 1
testAddIgnoreNull, 1
union, 1
getFactory, 1
branchIterator, 1
singleElementArrayToGetInstance, 1
testMapIsEmpty, 1
suite, 1
getElement, 1
getParameters, 1
testRemoveAllNullSubColl, 1
unmodifiableSortedSet, 2
retainAll, 1
emptyIterator, 1
testRemoveCountStartNegative, 1
testSerialisation0, 1
inverseBidiMap, 2
resolve, 5
testSerialisation2, 1
testSerialisation4, 1
getLast, 2
uniqueElements, 1
testBidiGetKeyInverse, 1
empty, 1
compute, 1
checkSetValue, 1
testForEachCellPredicates, 1
testNestedSixes, 1
testBidiRemoveByHeadMapEntrySet, 2
intersection, 1
putInternal, 7
makeMapEntry, 1
testRemoveAllViaIterator, 2
testAll, 1
testEitherPredicateEx, 1
testRemoveLRUBlocksRemoveScan, 1
testImmediatePushback, 1
bulkTestOrderedMapIterator, 1
getGrandParent, 1
test_get_nullMatchesIncorrectly, 2
removeStale, 2
singletonIterator, 1
testMinimal, 4
testOffsetGreaterThanSize, 1
testBidiRemoveBySubMap, 2
testLoadOrderedKeys, 1
testMapEntrySetIteratorEntrySetValue, 2
testInvokerTransformer2, 1
testBidiRemoveByHeadMap, 2
list, 1
testGetFirst, 1
isAllowNullValueGet, 1
testDecorator, 1
testReverseSortOrder, 1
eval, 1
testToList, 1
testStringPropertyName, 1
makeTestSet, 1
isNotEmpty, 1
assertSymmetricOperation, 1
testSize_List, 1
lengthInBits, 2
nopTransformer, 1
asIndexArray, 1
getShape, 1
testDuplicateListMultipleDuplicatesInList, 1
getNumberOfHashFunctions, 1
testNeitherPredicateEx, 1
makePassThroughFilter, 1
remove, 1
testIsEmptyWithEmptyMap, 1
testBadNumberOfHashFunctions, 1
testGet3, 1
checkIndexBounds, 2
testGet2, 1
testGet1, 1
testExceptionTransformer, 1
testGetFromLinkedHashMap, 1
testPutAll_KeyCollection, 1
clearNextObject, 1
unmodifiableSortedBag, 1
testIteration_Transformed3, 1
testRemoveRangeWrongEndIndex, 1
testArrayList, 1
testIteration_Transformed2, 1
testIteration_Transformed1, 1
testChainedTransformer, 1
getCollection, 1
testLongestCommonSubsequence, 1
containsMapping, 1
strongValues, 1
makeFullCollection, 1
testFactoryMethods, 1
walkBackward, 2
populateMap, 1
writeExternalFormToBytes, 1
testInstance, 1
testPermutatorHasMore, 2
computeIfPresent, 2
totalSize, 1
populate, 3
testHeadMapOutOfRange, 2
testCreatePredicatedCollectionWithPredicate, 1
testChainedClosure, 1
ifClosure, 1
testAddNull, 1
testGetMap, 1
isEqualsCheckable, 1
firstFromIterable, 1
arrayListIterator, 1
emptySortedSet, 1
fixedSizeSortedMap, 1
nextGreater, 4
testDuplicateListWithDuplicates, 1
makeEntryArray, 2
isOutOfBoundsIndex, 1
getOtherKeys, 1
hashEntry, 1
testNext, 1
transformingMap, 1
testToCollection, 1
createExtractor, 1
nullElementInArrayToGetInstance, 1
previousEntry, 3
toArray, 1
testSubListIsUnmodifiable, 1
testEvens, 1
setMutator, 1
testUnmodifiableSet, 1
testNullIsTruePredicateEx1, 1
testGetMaxInsert, 1
testBadNumberOfBits, 1
removeInternalEntry, 11
getMaxInsert, 2
defaultEquator, 1
testListGetByIndexBoundsChecking, 1
testEmptyQueueSerialization, 2
testListAddByIndex, 3
testOrderedMap, 1
makeConfirmedMap, 1
duplicateList, 1
testEmptyIteratorWithNodeConstructor, 1
hash, 1
createMock, 1
testDuplicateSetEmptySet, 1
testContainsValue_Key, 4
ceilingEntry, 8
getTransformer, 1
testAsPredicateTransformer, 1
bulkTestMultiValuedMapKeySet, 1
save, 1
testDisjunction, 1
toProperties, 2
testInternalState_CursorNextNextRemoveByIterator, 1
forAllButLastDoIterator, 1
testUnmodifiableQueue, 1
testGetPositiveOutOfBounds, 1
testBidiRemove, 2
testInternalState_CursorNextAddIndex1ByList, 1
checkBounds, 2
testRemoveRange, 1
testGetPropertyDefault, 1
testCursorNextIndexAddBefore, 1
testForEach, 1
hashIndex, 1
navigateNext, 3
setNextNode, 1
dereferenceValue, 2
testTransformedSet, 2
transformedMultiValuedMap, 1
test_containsValue_nullMatchesIncorrectly, 2
forAllDoIterator, 1
testUnmodifiableKeySet, 1
testDebugPrintNullLabel, 1
peek, 1
zippingIterator, 1
comparator, 1
subtree, 8
testDefaultBloomFilterSparseSpecificMerge, 1
reversedComparator, 1
getFloatValue, 1
setRight, 1
expectFalseWhenOneComparatorsWithDuplicateItems, 1
testIntersectionOrderInsensitivity, 1
testIsNotEmptyWithNull, 1
testLoadReader, 1
weakKeys, 1
neitherPredicate, 1
testPermutations, 2
addSampleMappings, 2
testCollectionIterator, 2
toList, 1
testAddAllForEnumeration, 1
isEqualValue, 1
removeDecrementsAllCellsTest, 1
testCOLLECTIONS_474_nullValues, 1
removeFirst, 2
testFirstIteratorIsEmptyBug, 3
testAdd, 1
testMultiSetHashCode, 2
testComputeIfAbsent, 3
testTransformedPredicate, 1
testSynchronizedQueue, 1
greatestNode, 3
testQueueRemove, 1
testForEachIndex, 1
testMultiSetIteratorFail, 2
testBagRetainAll, 2
putAndRemove, 1
testHashCode, 1
makeTestQueue, 1
testRepeatedNext, 1
removeIf, 1
testRemoveAllViaKeyedIterator, 2
testToArray, 1
testAllPredicateEx2, 1
isProperSubCollection, 1
testAllPredicateEx1, 1
testUnmodifiableBag, 1
testAllPredicateEx6, 1
testAllPredicateEx5, 1
testAllPredicateEx4, 1
testAllPredicateEx3, 1
testAsMapGet_Full, 3
testNestedSixes3, 1
testThrees, 1
testTransformedBag, 1
predicatedMultiSet, 1
testEntrySetRemoveChangesMap, 2
bulkTestSubMap, 1
testInsertBefore, 1
testNestedSixes2, 1
getTestValue, 1
resettableEmptyIterator, 1
visitKeepCommand, 1
isAtFullCapacity, 1
testingBuilder, 1
testExceptionFactory, 1
testOnMaxSize, 3
forEachButLast, 4
toCollection, 1
backwardTest, 2
testNextChangesPrevious, 1
checkValue, 1
floor, 1
testGetFromEnumeration, 1
testJoggingOverBoundary, 1
getDecimalSeparator, 2
testInvokerPredicateEx3, 1
testInvokerPredicateEx2, 1
testBidiSubMapContains, 1
forEach, 1
getColor, 1
testAsIteratorNull, 1
constantTransformer, 2
getImmutableListIterator, 1
createRangeMap, 1
setValue, 2
bulkTestMultiValuedMapEntries, 1
testSetPredicate, 1
testGetOrDefault, 1
isExpired, 2
testLongSerialization, 2
testInvokerPredicateEx1, 1
testMapIteratorRemove, 2
testGetIndexed, 1
testLongestCommonSubsequenceWithString, 1
reversedIterable, 1
testListListIteratorNextRemoveNext, 3
testTransformedSortedBag, 1
testGetLast, 1
testFailingHasNextBug, 2
assertNotCollectionContainsAll, 1
getByte, 1
getHash, 2
transformKey, 1
testCompute, 3
testMapEntrySetIteratorEntry, 2
testContainsAll, 1
nextSmaller, 4
testShadok, 2
isCacheFull, 1
fromNMK, 1
testLinkedListGetFirst, 1
getProbability, 3
isLocked, 1
merge, 1
getBooleanValue, 1
getColumn, 1
testZip, 1
testToStringWithNullArguments, 1
element, 2
fromIndexArray, 2
testRemoveMappingThroughGetIterator, 4
testAddNullListsVarArgs, 1
testForEachPairReturnFalseLate, 1
createDelegateMap, 1
testMod, 1
asIterator, 1
loopingIterable, 2
testDecoratedCollectionIsIndexedOnCreation, 1
testNumberOfBitMaps, 3
getByteValue, 1
difference, 1
testOneTruePredicate, 1
decorateCollection, 1
hashCodeForSet, 3
lowerEntry, 6
testCollections364, 1
testCopyInto, 1
testIteratorConstructorIteration_SimpleNoHasNext, 2
testRemoveRangeEndIndexNegative, 1
testCollections360, 1
testListRemoveByIndexBoundsChecking2, 2
testIteration_RootNoTransformer, 1
testMapGetOrDefault, 5
pop, 2
getSortedBag, 1
testAddAllForElements, 1
makeTestMapWithComparator, 1
testPredicatedBag, 1
testNullConstructor, 1
getPreviousNode, 1
builder, 1
suiteMap, 1
getSampleValues, 1
testUnmodifiableKeys, 1
validate, 1
estimateMaxN, 1
equate, 1
invertMap, 1
subList, 1
isValidUplink, 1
getParent, 1
testMerge, 3
transformedList, 2
testMapGetWithFactory, 1
testAddNullList, 1
assertUnorderedArrayEquals, 4
testAddFail, 1
testMultipleUserIterator, 1
addAll, 1
testRemoveLRUFirstBlocksRemove, 1
testDuplicatListAllSameInDeque, 1
transformingSortedMap, 1
testInternalState_CursorNextNextPreviousAddByIterator, 1
testVerbosePrintNullKey, 1
testCollectionRemoveIf, 2
testBagToArray, 2
forwardTest, 2
testInternalState_getEntry_int, 2
addFirst, 1
setBlack, 1
testNullComparator, 2
createPredicatedBag, 1
createUnderTest, 2
followRight, 3
removeMapping, 1
isDoLoop, 1
expectFalseWhenFixedOrderComparatorIsComparedWithOtherObject, 1
testBagRemoveAll, 2
testMapPutNullValue, 3
testAsIterableForNull, 1
addComparator, 2
testFilteredIterator, 1
testNopClosure, 1
swapPosition, 15
incrementModCount, 1
testClone4, 1
getList, 1
testGetNumber, 2
isEqualCollection, 2
getContents, 1
testCountingSpecificConstructor, 1
testClone2, 1
unmodifiableNavigableSet, 2
swapColors, 1
peekingIterator, 1
checkNodes, 3
testPredicatedList, 1
last, 1
transformValue, 1
reindex, 1
booleanComparator, 1
getSortedSet, 1
testIsSubCollectionOfSelf, 1
testAsIterator, 1
unmodifiableMap, 1
testMapClear, 2
makeEmptyMap, 1
testNullArgumentEqualsNullPredicate, 1
fixed, 1
testGetFromList, 1
doHashCode, 3
testSynchronizedRemoveFromMapIterator, 6
previousPreviousNext, 1
getModifications, 1
descendingSet, 1
synchronizedCollection, 1
testHashCodeNullCollection, 1
testRemoveException, 1
testIterateFibEvenOdd, 1
nextNextPrevious, 1
testLazyTransformerList, 1
testCollectionIteratorRemove, 5
readExternalFormFromBytes, 1
testCollectionContainsAll, 1
broadcastNodeChanged, 3
testPutAll_Map1, 1
testPutAll_Map2, 1
testUnmodifiableAsMap, 1
unmodifiableEntrySet, 2
getInitial, 1
removeByKeySet, 1
createPredicatedSet, 1
start, 3
testQueueOffer, 3
testGetLongBit, 1
getValue, 1
lastIndexOf, 1
setColor, 1
testReturnValues, 1
testCollectionRemoveAll, 2
testGetIterator, 1
isAllowNullValue, 1
testListAddIndexed, 1
testDuplicateSetNoDuplicates, 1
setListIterator, 1
testPutWithSet, 1
transformerPredicate, 1
testHashCodeNullEquator, 1
getEntrySet, 2
testListEquals, 1
makeArrayListIterator, 1
put, 1
predicatedSortedMap, 1
printIndent, 2
unmodifiableSortedBidiMap, 2
processBitMaps, 2
testConstructors, 1
testCollections307, 1
reuseMapping, 3
testCollections304, 1
testSelectRejected, 1
testConstructorsByArrayNull, 1
testPutAll_KeyIterable, 1
testFixedSizeMap, 1
getCount, 1
compareKeys, 3
setCount, 1
testIteratorConstructor_null1, 1
multiKeyMap, 2
testBagSize, 2
isSetValueChecking, 1
testAddAll, 1
getIncrement, 1
testValueList_removeByIndex, 2
emptyIsZeroLength, 1
testAsEnumerationNull, 1
testSetValuedMapEqualsHashCodeContract, 1
createNodeList, 1
unmodifiableTrie, 1
replaceInternal2, 3
cosineSimilarity, 1
weakValues, 1
instantiateTransformer, 3
getSets, 1
addMapping, 8
testPermutationExhaustivity, 2
jaccardSimilarity, 1
testBagIteratorFailDoubleRemove, 2
testDisjunctionNullColl1, 1
testDisjunctionNullColl2, 1
testEqualsHashCodeContract, 1
keyHash, 1
testSubMapOutOfRange, 2
testSetValuedMapAdd, 1
inverseSortedBidiMap, 1
broadcastNodeInserted, 3
testMin, 1
lockChain, 2
doRemoveValue, 2
testEnsurePredicateCanBeTypedWithoutWarning, 1
setParent, 1
testIntersectNonEmptySubset, 1
getData, 4
testMapEntrySetIteratorEntrySetValueCrossCheck, 3
testUnsupportedSet, 2
testValues, 3
deserialize, 1
testEstimateUnion, 1
testForEachPairArrayTooShort, 1
decrementSize, 1
insertValue, 6
reverse, 1
testIsEmptyWithNonEmptyMap, 1
testAddAllPass, 1
getSampleTotalValueCount, 1
newSetValuedHashMap, 1
testIsFullNullColl, 1
testIsEmptyWithEmptyCollection, 1
testEstimateIntersection, 1
hammingDistance, 1
testOdds, 1
walkLists, 11
makeBlockAllFilter, 1
ifTransformer, 1
nullLowComparator, 2
testComputeIfPresent, 1
forAllButLastDoCollection, 1
testObjectHashCodeEqualsContract, 3
testBuilderAll, 1
testUnmodifiableSortedBag, 1
skippingIterator, 1
testRemoveRangeNull, 1
replace, 2
testaddAllNullColl1, 1
stringPredicate, 1
testPredicateTypeCanBeSuperClassOfObject, 1
assertMod, 1
updateCurrentIterator, 4
testEntrySetClearChangesMap, 2
flatten, 2
decorateUniqueCollection, 1
setLoadFactor, 1
testJoggingNotOverBoundary, 1
doRedBlackDelete, 10
testIsSubCollection, 1
xorCardinality, 1
heightRightMinusLeft, 1
testObjectHashCodeEqualsSelfHashCode, 1
testRemoveWithoutCallingNext, 1
factoryTransformer, 1
predicatedQueue, 1
getMap, 1
testUniqueReturnsSelf, 1
testMultiValuedMapIterator, 4
testBagToArrayPopulate, 2
testDuplicateListEmptySet, 1
entryKey, 1
testAddCompositedCollision, 1
setPreviousNode, 1
testXorCardinalityWithDifferentLengthFilters, 1
testForEachCellEarlyExit, 1
testAdvanceOnSaturation, 2
testFindBitMapExtractor, 1
testRemoveEmptyTarget, 1
testCursorNextIndexFirst, 1
testQueuePoll, 3
values, 1
setRemoved, 1
testInvokerPredicate, 1
testToArray2, 1
instanceOfPredicate, 1
testMultiSetIterator, 5
testPutWithList, 1
testConstantFactoryConstant, 1
testFromBitMapArray, 1
testEstimateNWithBrokenCardinality, 1
unmodifiableIterable, 2
testContainsAnyInArrayNullArray, 1
testAddAllMutator, 1
nullIsExceptionPredicate, 1
ceiling, 1
testIteratorConstructor_null_next, 1
testUnmodifiableIteratorImmutability, 1
clear, 1
testExceptionClosure, 1
testEmpty, 1
testContainsValue, 3
testToListIterator, 2
getDefaultTransformer, 1
testDataSizeAfterSerialization, 1
testContainsKey1, 1
testRemove_KeyItem, 1
testContainsKey2, 1
forAllButLastDo, 1
testContainsKey3, 1
newValueReference, 3
noCleanup, 1
testBagContains, 2
testIteratorConstructorRemove, 2
randomizeObjects, 1
testPrefixMap, 1
getLeft, 1
checkInterval, 2
getDefaultClosure, 1
testDebugPrintNullKey, 1
testSize_Iterator, 1
getCollections, 1
getMaximumValueExtractor, 3
nullTransformer, 1
testIsEqualCollectionNullColl2, 1
testIsEqualCollectionNullColl1, 1
advance, 8
testContains, 1
testFirstFromIterator, 1
serializeDeserialize, 1
getTarget, 2
processBloomFilters, 1
decorateSet, 1
testBagHashCode, 2
exceptionPredicate, 1
testReplace, 1
getPredicate, 1
testSize, 1
generateIntArray, 1
testHashSetValueHashMap, 1
testCollections701, 1
transformedSortedSet, 2
recalcHeight, 1
testEquals, 1
testPrefixMapRemoval, 1
initializeTestObjects, 1
testListSubListFailFastOnRemove, 3
testLocaleIndependence, 2
testNonePredicate, 1
getCanonicalFullCollectionName, 1
switchClosure, 1
addNodeBefore, 1
addSetValue, 1
propertyNames, 1
testListValuedMapRemove, 1
buildSnake, 2
testCollectionClear, 2
testArrayIterator, 1
testEmptyCollectionToGetInstance, 1
testMapGet, 1
testIntersectNonEmptyWithEmptyList, 1
testFromPMK, 1
compare, 1
testRemoveLRU, 1
testUnion, 1
testJaccardSimilarity, 1
testPermutationException, 2
testFullMapIterator, 4
testAndCardinalityWithDifferentLengthFilters, 1
testIntersectionNullColl2, 1
testNoMappingReturnsEmptyCol, 1
testIterableSortedMap, 1
testIntersectionNullColl1, 1
testNegativeOffset, 1
testCOLLECTIONS_474_nonNullValues, 1
exceptionFactory, 1
testCollectionRetainAll, 3
testBidiRemoveByTailMapEntrySet, 2
testXorCardinality, 1
testGetValuesAsBag, 1
testTransformedBag_decorateTransform, 1
setupList, 1
testMapGetWithTransformer, 1
checkIndicesRange, 4
bulkTestMultiValuedMapValues, 1
testDuplicateListEmptyList, 1
visitInsertCommand, 1
testSetProperty, 1
testSetUniqueList, 1
toString, 1
nullArgumentTests, 1
testArrayListValuedHashMap, 1
testForEachPairReturnFalseEarly, 1
transformedNavigableSet, 2
getComparableObjectsOrdered, 1
forAllDoFailure, 1
testPredicatedCollectionNullPredicate, 1
isEqualSet, 3
emptyIterable, 1
testFilterNullParameters, 1
createNode, 1
addNodeAfter, 1
testGetWithNull, 1
objectGraphIterator, 1
testForEachButLast, 1
addNodeToCache, 2
testToListWithHashtable, 1
testValueList_setByIndex, 2
testDisjunctionAsSymmetricDifference, 1
testMultiKeyRemoveAll4, 2
testMultiKeyRemoveAll3, 2
testMultiKeyRemoveAll2, 2
testMultiKeyRemoveAll1, 2
testPermutationResultSize, 4
newKeyReference, 3
areEqualElementsDistinguishable, 1
doWhileClosure, 1
testBagIteratorFailNoMore, 2
testBidiRemoveByKeySet, 2
testSingletonPatternInSerialization, 1
testEmptyListIteratorIsIndeedEmpty, 2
test, 1
destroyEntry, 1
testInternalState_CursorNextNextRemoveIndex1ByList, 1
bulkTestMultiValuedMapKeys, 1
segmentFor, 1
transformedQueue, 2
testGetLongValue, 1
testSetEquals, 1
uniquePredicate, 1
testTransformedSortedMap, 1
testSizeWithPutRemove, 1
testIteratorConstructorIteration_Simple, 2
isBitSet, 2
testCopy, 1
testMapPutIfAbsent, 13
testPredicatedMap, 1
testInternalState_Buckets, 2
testClear, 1
transformedSortedBag, 2
testUnmodifiableCollection, 1
replaceAll, 1
testDecoratedMap, 1
testTransformedIterator, 1
load, 1
hashCode, 1
getLongIndex, 1
subSet, 1
testWhileClosure, 1
assertNotRemoveFromCollection, 1
testListGetByIndexBoundsChecking2, 1
testBidiClearByTailMap, 2
testGetValuesAsSet, 1
wrappedCollection, 1
testUnsafeDeSerialization, 1
removeMultiKey, 3
expectTrueWhenBothObjectsAreSame, 1
testRemoveAllViaEntriesIterator, 2
comparableComparator, 1
getMutator, 1
testInvokeClosure, 1
testFromIndexExtractor, 1
testCanonicalFullCollectionExists, 1
testMapIteratorSetValue2, 1
testMapIteratorSetValue1, 1
testPutAll_Map_array, 1
testNullTransformer, 1
testIllegalDecorate, 1
testMapIteratorSetValue3, 1
keyList, 1
processIndices, 1
append, 1
removeAllNodes, 1
testEmptyArrayToGetInstance, 1
uniqueIterable, 1
testLinkedListAddFirst, 2
headSet, 1
asBloomFilterArray, 1
testSubListAddMiddle, 1
testNegativeMax, 1
testCompareEquals, 1
testListAddByIndexBoundsChecking, 1
testGetFromObjectArray, 1
balance, 9
testPut4, 1
testPut3, 1
generateLongArray, 1
isLazyMapTest, 1
testPut2, 1
testPut1, 1
testSetCount, 1
testCompareGreaterOrEqual, 1
longestCommonSubsequence, 1
testPut6, 1
testPut5, 1
init, 2
testElementCreationWithFactory, 1
testDebugPrintSelfReference, 1
asTransformer, 1
testPrototypeFactoryPublicBad, 1
testSubMap, 1
skipSerializedCanonicalTests, 1
getComponentType, 4
testAlreadyWritableMap, 1
uniqueSet, 1
evaluate, 1
tailMap, 1
synchronizedSortedMap, 1
testIsEqualCollectionNullEquator, 1
testGetString, 2
testToListIteratorNull, 1
getDepth, 1
testEnsureDuplicateObjectsCauseException, 1
testSet, 2
assertCollectResult, 1
skip, 1
testCollatedIteratorNull, 1
testClosureSanityTests, 1
verbosePrintInternal, 8
testEqualsCompatibleInstance, 1
testKeyContainsValue, 3
setCardinality, 2
setInitialCapacity, 1
testRemoveFirst, 1
testDebugAndVerbosePrintNullMap, 1
testEitherPredicate, 1
testMapPutAll, 5
testMultiSetIteratorFailDoubleRemove, 2
testEmptyListIterator, 1
testCollectionToArray, 6
numberOfBitMaps, 1
testBounded, 1
trimToSize, 1
setExtendCheck, 1
testCreateSetBasedOnList, 1
max, 2
anyValueSet, 3
getLong, 1
testConstructorsByArray, 1
testMultiSetContains, 2
toListIterator, 1
testPredicatedQueue, 1
checkProbability, 2
createSetBasedOnList, 2
testInvokerTransformer, 1
testMultiSetIteratorRemoveProtectsInvariants, 2
checkModCount, 2
testFilterInverse, 1
testPredicatedCollectionNullColl, 1
selectValue, 2
testEmptyMapCompatibility, 1
isSetSupported, 1
rehash, 9
testSeen, 1
testPopulateMap, 1
main, 1
testSortOrder, 1
testFirstKey, 1
nullValue, 1
getFreq, 1
makeUniqueTestCollection, 1
testPrototypeFactoryPublicSerialization, 1
testListSetByIndex, 1
find, 1
getExpectedIndices, 1
testNonePredicateEx6, 1
testCursorAdd, 1
testGetNode, 1
testNonePredicateEx4, 1
testNonePredicateEx5, 1
testNonePredicateEx2, 1
indexOf, 4
testNonePredicateEx3, 1
testEmptyListSerialization, 2
testNonePredicateEx1, 1
equalPredicate, 2
getEnumeration, 1
testMultiKeyGet, 7
testEmptyBounded, 1
collectionSortedBag, 1
calculateThreshold, 1
onePredicate, 3
getRightChild, 1
fill, 3
bulkTestSortedSetSubSet, 1
applyDefaultFunction, 2
makeTestCollection, 1
newIdentityHashSet, 1
testVerbosePrintNullStream, 1
entries, 1
getConfirmedMap, 1
cleanup, 1
expectFalseWhenFixedOrderComparatorIsComparedWithNull, 1
testAndCardinality, 1
ensureCapacityForAdd, 2
purgeStaleEntries, 1
bulkTestMultiSetUniqueSet, 1
createCollection, 1
removeEmptyTarget, 2
defaultIfNull, 1
testGetObject, 1
testConstantTransformer, 1
estimateUnion, 1
ignoredTests, 1
getOtherNonNullElements, 1
allPredicate, 3
isXmlTest, 1
maxSize, 1
comparatorPredicate, 1
testFullBagCompatibility, 2
testEntryIteratorSetValue2, 1
getCardinalityMap, 2
testEntryIteratorSetValue1, 1
testCharacteristics, 1
transform, 1
testDuplicateListSingleElement, 1
testEntryIteratorSetValue3, 1
testListConstructor, 1
putAll, 1
orderedSet, 1
testMapHashCode, 1
testListComparatorChain, 1
testBasics, 1
purgeBeforeRead, 1
constantFactory, 2
orPredicate, 1
testExhaustivity, 2
disjunction, 1
selectRejected, 1
testPredicateSanityTests, 1
testFactory_decorateTransform, 1
removeLine2, 1
bulkTestMapKeySet, 1
createVerifyList, 1
testStoreToXMLOutputStream, 1
createHasher, 1
testGetBooleanValue, 2
testAsIterableFor, 1
removeIfExpired, 2
doRedBlackInsert, 9
lastEntry, 1
createEntry, 1
testRemoveAllViaEntryIterator, 2
writeExternalFormToDisk, 1
testDisjunctionAsUnionMinusIntersection, 1
testCollections265, 1
testGetProperty, 1
testListIteratorRemove, 1
testListSetByIndexBoundsChecking2, 1
testValuesClearChangesMap, 2
testCollections261, 1
testPrefixMapClearUsingRemove, 1
testKeys, 3
testIteration_RootNull, 1
getClosures, 1
testSelect, 1
uniqueIndices, 1
testAddedObjectsCanBeRetrievedByKey, 1
createPredicatedQueue, 1
makeArrayIterator, 1
removeAll, 1
testListSubListFailFastOnAdd, 3
applyDefaultValue, 1
unmodifiableOrderedMap, 2
lookupKey, 1
bulkTestSubList, 2
orCardinality, 1
removeCount, 6
asIterable, 1
testStoreToOutputStream, 1
testEntries, 2
testRemovingElementsAndIteratingForward, 1
makeTestList, 1
assertComparatorYieldsOrder, 6
testSetValuedMapRemove, 1
onPurge, 2
execute, 1
extractSingleton, 2
testAppendElements, 1
testMapToString, 1
testRemoveComposited, 1
loopingIterator, 1
testSizeIsEmpty_List, 1
testSize_Other, 1
unique, 1
testPutIfAbsent, 3
testDebugPrintNullStream, 1
testRemoveFromComposited, 1
loadFromXML, 1
isHashSetValue, 1
lookupValue, 1
createSubListListIterator, 1
nodeListIterator, 1
permutations, 2
pollLast, 1
getNewSampleValues, 4
testForEachIndexPredicates, 1
testIsNotEmptyWithEmptyMap, 1
min, 2
partition, 1
removeFromIndex, 1
testListHashCode, 1
testNullIsFalsePredicateEx1, 1
synchronizedList, 1
getBoolean, 1
stringValueTransformer, 1
testGetByteValue, 1
getFullElements, 1
validateExpiration, 1
testIteratorExhausted, 1
testHeadMap, 1
setList, 1
testHashSetValuedHashMap_2, 1
testInvokerPredicate2Ex1, 1
verifyKeySet, 1
selectKey, 2
chainedIterable, 1
isBlack, 1
testInvokerPredicate2Ex2, 1
getResult, 1
testInvokerPredicate2Ex3, 1
growthList, 1
testLazyMap, 1
pushbackIterator, 1
setVerboseName, 1
testPopulateMultiMap, 1
testCountMatches, 1
testToStringDelimiter, 1
getOrDefault, 1
testVerbosePrint, 1
testGetKeysArrayConstructorCloned, 1
testFilter, 3
testDuplicateListMultipleDuplicatesInListReverse, 1
testPreviousChangesNext, 1
transformerClosure, 2
testIteratorConstructorIteration_Empty, 1
treeIterator, 1
testSerializeDeserializeCheckComparator, 2
allMatch, 1
testSetValue, 1
expectFalseWhenBothComparatorsWithDifferentItems, 1
reverseArray, 2
loop, 1
testForEachPairCompleteMatch, 1
testRemoveRangeEndLowStart, 1
doRedBlackDeleteFixup, 9
testGetShortValue, 1
verifyElementsInPredicate, 4
testPrototypeFactoryNull, 1
testEstimateLargeN, 3
testReadableMap, 4
testContainsAnyInArrayNullColl1, 1
copyInto, 1
testInternalState_CursorNextNextAddIndex1ByList, 1
testContainsAnyInArrayNullColl2, 1
testEmptyAfterMergeWithNothing, 1
createTimedLayeredFilter, 1
testDuplicateSequencedSetMultipleDuplicates, 1
removeValue, 1
testNodeIterator, 1
testSetHashCode, 1
ensureCapacity, 5
testCloneTransformer, 1
testValuesRemoveChangesMap, 3
bulkTestMapIterator, 1
getStartIndex, 1
computeIfAbsent, 1
testValuesListIteratorMethods, 1
supportsAdd, 1
purge, 4
loadOrderedKeysReverse, 1
testSubListWithTransformer, 1
testGetNegative, 1
unmodifiableQueue, 2
getNodeFromCache, 2
testForEachBloomFilter, 3
removeExternalEntry, 5
checkBound, 3
testListListIteratorPreviousRemoveNext, 3
testContainsWithEquator, 1
doReadObject, 2
testMaxGreaterThanSize, 1
truePredicate, 1
testFours, 1
getSampleCountPerKey, 1
mask, 1
getFalseClosure, 1
characteristics, 1
inToRange, 1
testSynchronizedBag, 1
apply, 1
testReverseArrayNull, 1
testComparatorIsSerializable, 1
switchTransformer, 3
testBidiPut, 2
testMapIteratorUnsupportedSet, 1
testBidiInverse, 1
tearDown, 1
testMergeWithBadHasher, 1
unmodifiableBoundedCollection, 6
testSearch, 1
testMultiSetRemoveAll, 2
getPredicates, 1
testAlreadyReadableMap, 1
testAddThenRemove, 2
coerce, 1
mod, 1
testInternalState_CursorNextNextPreviousSetByIterator, 1
testEmptyCellExtractor, 1
getLastNodeReturned, 2
nullHighComparator, 2
processCells, 3
zip, 1
testDuplicates, 1
testBagContainsAll, 2
neverAdvance, 1
testSubtractNullColl2, 1
testCircularFifoQueueCircular, 1
testSubtractNullColl1, 1
isValidBitIndex, 1
testIterateEven, 1
sortsTrueFirst, 1
isSubCollection, 2
predicatedCollection, 1
testEntrySetRetainAll, 4
testWrappedListAddAll, 1
testMultiplePushback, 1
setNextObject, 6
emptyMultiValuedMap, 1
getLeftChild, 1
benchmark, 9
testCursorNextIndexAddAfter, 1
testPredicatedCollection, 1
testSize_PrimitiveArray, 1
testObjectFactoryUsesEqualsForTest, 1
setProperty, 1
testSubList, 1
testSetCollections444, 1
testMultiSetContainsAll, 2
setKeyValue, 1
umodifiableListIterator, 1
testFlatten, 1
checkMod, 2
testCollectionIteratorFailFast, 4
testAddPass, 1
testReplaceKeyValue, 3
instanceofPredicate, 1
testSingletonIteratorRemove, 1
nextEntryImpl, 15
rotateLeft, 4
testListLastIndexOf, 1
makeDecoratedTestMap, 1
isScanUntilRemovable, 1
testLRUMultiKeyMap, 1
testComparatorChainOnMinValuedComparator, 3
testHammingDistance, 1
testMultiSetEqualsHashMultiSet, 2
switchMapClosure, 1
expectFalseWhenOneComparatorIsLocked, 1
testInstantiateFactoryMismatch, 1
testRemoveMiddle, 1
emptyOrderedMapIterator, 1
testFrequency, 1
calculateNewCapacity, 4
testZeroTimeToLive, 1
testMultiSetEquals, 2
verify, 1
getFirstLine, 1
validateAndConvertToMillis, 1
testPredicateLonger, 1
firstEntry, 2
testHashSetValueHashMap_1, 1
asSet, 1
asClosure, 1
testPutAllWithIndex, 1
testBidiRemoveByEntrySet, 2
testForEachCellValues, 1
testModEdgeCases, 1
getKeyAnalyzer, 1
isPutChangeSupported, 1
testGetFromIterableIndexOutOfBoundsException, 1
isValid, 1
eitherPredicate, 1
testKeyedIterator, 1
testDuplicateListEmptyDeque, 1
handleReplacement, 1
nullElementsInArrayToGetInstance, 1
testEstimateUnionCrossTypes, 1
emptyIfNull, 1
makeBlack, 2
testNewMap, 1
valueComparator, 1
uniqueIndexedCollection, 1
getClosure, 1
leafIterator, 1
iterableMap, 1
testNewInstance1, 1
createEmptyExtractor, 1
exists, 1
addAsEqual, 2
transformedPredicate, 1
isFull, 1
testHashEntry, 1
testTypeSafeEmptyMultiValuedMap, 1
first, 1
testSynchronizedRemoveFromKeySet, 6
testAndPredicateEx, 1
collectionBag, 1
testProbability, 1
generateClosure, 1
poll, 1
setConcurrencyLevel, 1
testBehaviourForEachCell, 1
asBitMapArray, 1
testPrefixMapClearNothing, 1
testUnmodifiableListIteratorIteration, 1
getTree, 1
checkNotNull, 1
navigatePrevious, 4
setMap, 1
testInvertMapNull, 1
from, 2
testLoadInputStream, 1
testIsSubCollection2, 1
testAsMultipleIterable, 1
testPutAllException, 1
testCreatePredicatedCollectionWithNotNullPredicate, 1
testSize_Map, 1
testCreate, 1
testValueCollectionType, 1
verifyEntrySet, 1
asMultipleUseIterable, 1
failFastAll, 1
unmodifiableList, 2
sequence, 2
makeFunc, 2
getIterator, 13
andCardinality, 1
writeExternalFormToStream, 1
testIterateEvenEven, 1
bulkTestHeadMap, 1
testAdvanceOnPopulated, 1
decorateBag, 1
testSetInBiggerList, 1
synchronizedQueue, 1
unmodifiableListIterator, 1
getTrueClosure, 1
testRepeatedSerialization, 1
testBoundedMap, 1
testRemoving1, 1
checkNumberOfItems, 2
invokerClosure, 1
testRemove, 1
findNext, 2
makeTestMultiSet, 1
isPutAddSupported, 1
testReverse, 1
testLazySortedMapTransformer, 1
testGrowthAdd, 1
makeKnownMapEntry, 1
testCaseInsensitive, 1
testBug35258, 1
value, 1
lookup, 3
testDebugAndVerbosePrintCasting, 1
testConsistency, 1
previousKey, 4
testRemoveAllViaValuesIterator, 2
testUniquePredicate, 1
testAllTrue, 1
testOneFalsePredicate, 1
testAllMatch, 1
testAddException, 1
setPreviousObject, 6
testMaxSizeNullColl, 1
verifyNoMoreElements, 1
testListToPrintWriter, 1
valueList, 1
testDefaultBloomFilterSimpleSpecificMerge, 1
testTailMapOutOfRange, 2
testFullMultiSetCompatibility, 2
mergeHashers, 1
nextNull, 1
doRemoveKey, 2
predicatedSortedSet, 1
testRandomListSort, 1
testMapComputeIfAbsent, 20
testRemoveRangeStartIndexNegative, 1
assertPredicateTrue, 1
testContainsAnyInArray, 1
lazySortedMap, 1
addLeaf, 1
fromBitMapArray, 2
makeFullMap, 1
testPushPeekPop, 1
testByteConstructor, 1
testZippingIterator, 1
testObjectEqualsSelf, 1
testOffer, 1
testCursorConcurrentModification, 1
testDuplicateSetMultipleDuplicatesInList, 1
testKeySet, 1
contains, 1
testMapIteratorSetRemoveSet, 2
matchesAny, 1
testSelfReferenceHandling, 1
listIterator, 1
testIsEqualCollectionToSelf, 1
testIteratorConstructor_null_remove, 1
emptySet, 1
addIterator, 1
testIterator_Key, 1
least, 6
doTestGetKey, 1
testEntrySetIteratorRemoveChangesMap, 2
testMergeWithIndexExtractor, 2
getSubSequence, 1
testGetFromObject, 1
getFromEnumeration, 1
testDuplicateListAllSameInList, 1
testLoadPath, 1
testRemoveMappingThroughGet, 6
filteredListIterator, 1
testContainsValue1, 1
addIgnoreNull, 1
getHeight, 1
testContainsValue3, 1
testContainsValue2, 1
testListIterator, 1
testMapGet2, 1
testRemove11, 1
testMapGet3, 1
testRemove12, 1
constructorTest, 1
bulkTestMapEntrySet, 1
testRemove10, 1
doToString, 4
testMapGet4, 2
testRemove13, 1
singleValues, 1
testSubListAddBegin, 1
close, 2
assertCounts, 3
testGetAtIndexFromIterator, 1
testFailFastEntrySet, 3
readExternalFormFromDisk, 1
currentEntry, 1
nodeInserted, 2
forAllDoCollection, 1
testRemoveThenSet, 2
testTransformedMap, 3
testMultiKeyPut, 7
testTransformedCollection_2, 1
generateNoExceptionClosure, 1
testInternalState_CursorNextRemoveIndex1ByList, 1
followLeft, 4
indices, 1
nullElementsInCollectionToGetInstance, 1
getMaximumCacheSize, 1
testForEachBitMapEarlyExit, 2
getSecond, 1
testAsMultipleIterableNull, 1
testMaxSize, 1
testEmptyQueue, 1
testBehaviourForEachIndex, 3
getFromKey, 1
testListGetByIndex, 2
hashOf, 1
getName, 1
testDelayedPushback, 1
testOrPredicate, 1
testMapComputeIfPresent, 16
testGetCollection, 1
removeSelf, 11
higherEntry, 10
testEntrySet, 1
mapIterator, 2
testGetKeysArrayConstructorNonCloned, 1
testEqualsNull, 1
testPredicateSameLength, 1
getPathString, 1
chainedTransformer, 2
testSetValuedMapRemoveViaIterator, 2
testEmptyBagCompatibility, 2
getDiag, 1
createEmptyHasher, 1
add, 2
testOrdering, 7
testFullMapCompatibility, 3
testListValuedMapAdd, 1
testHasherBasedMergeWithDifferingSparseness, 1
testCreateNullGapsWithFactory, 1
testObjectGraphIterator, 1
testAsEnumeration, 1
cardinalityOfNull, 1
testAccessOrder2, 2
addEntry, 1
getFalseTransformer, 1
testTransformingCollectionNullColl, 1
checkChainIntegrity, 2
testRetainAllNullSubColl, 1
createPredicatedMultiSet, 1
testLoadFileName, 1
testAsPredicateTransformerEx2, 1
testAsPredicateTransformerEx1, 1
testArrayListIterator, 1
testSizeIsEmpty_Array, 1
bulkTestSortedSetHeadSet, 1
singletonCollectionToGetInstance, 1
getIntValue, 1
createTypesafeIterator, 1
getDouble, 1
unmodifiableMultiValuedMap, 2
entryBefore, 1
newPrintStream, 1
setComparator, 1
toReference, 5
getTimestamp, 1
testIsNotNullPredicate, 1
hasPrevious, 1
lazyMap, 1
copyColor, 3
testRepeatedHasNext, 2
transformedIterator, 1
testKeySetRemoveChangesMap, 1
testEmptyIterator, 2
testTransformedQueue_decorateTransform, 1
floorEntry, 8
isEmpty, 1
testCanonicalEmptyCollectionExists, 1
assertPredicateFalse, 1
emptyBag, 1
testCommutativityOnMismatchedSizes, 1
unmodifiableMapIterator, 1
matchesAll, 4
addComposited, 3
testValuesRemoveAll, 2
modify, 1
testIllegalAdd, 1
testMapPut, 9
clone, 1
testSetDownwardsInList, 1
testMultiSetEntrySetUpdatedToZero, 2
registerMock, 1
testStoreToPrintWriter, 1
test_containsKey_nullMatchesIncorrectly, 2
testAnyPredicate, 1
testInstantiateTransformerNull, 1
testLazyFactoryList, 1
createKeySetIterator, 1
createMockPredicate, 2
testInternalState, 2
advanceOnPopulated, 1
testFromKM, 1
testUnmodifiableMapIterator, 1
testLinkedListRemoveFirst, 2
setOptions, 1
testNullHandling, 1
anyMatch, 1
testJaccardDistance, 1
multiValueMap, 1
getValuesAsSet, 3
forClosure, 1
isSparse, 1
testPeekingIterator, 1
getPrefixMapByBits, 3
testIsEqualCollectionEquator, 1
getMiddleSnake, 11
setupSet, 1
isFailFastSupported, 1
testPrototypeFactoryPublicCopyConstructor, 1
testManual, 1
getPredicateInstance, 1
updateEntry, 1
testUnmodifiable, 1
getNumber, 1
onMaxSize, 3
testLegalAddRemove, 2
testUnmodifiableListIteratorImmutability, 1
getBag, 1
getShortValue, 1
testWrappedListAdd, 1
testAnyPredicateEx6, 1
testLoopingListIterator, 1
testAnyPredicateEx4, 1
testAnyPredicateEx5, 1
synchronizedSet, 1
testAnyPredicateEx2, 1
testAnyPredicateEx3, 1
debugPrint, 1
testAnyPredicateEx1, 1
testCollateException1, 1
testCollateException2, 1
testCollateException0, 1
newHashEntry, 1
isInternalNode, 1
toSet, 1
testForEachFailure, 1
testTotalSize, 1
isRemoveSupported, 1
unmodifiableSortedMap, 1
testEqualsAfterSerialization, 1
testChainedComparator, 1
naturalComparator, 1
testEmptyCollection, 1
testBidiGetKey, 1
testArrayConstructor, 1
createValuesIterator, 1
testIntersectEmptyWithEmptyList, 1
testBidiClearBySubMap, 2
testNullLowComparator, 1
testRemoveLast, 1
getValuesAsBag, 3
testInternalState_CursorNextNextPreviousRemoveIndex1ByList, 1
makeTestMap, 1
testDefaultSizeAndGetError1, 1
compareTo, 1
testDefaultSizeAndGetError2, 1
testRemoveAllNullBaseColl, 1
decorated, 1
testIteration_IteratorOfIteratorsWithEmptyIterators, 2
testConstantFactoryNull, 1
testIndexConsistency, 1
testDecoratorFactoryNullMap, 1
unmodifiable, 1
testEmptyOrderedMapIterator, 1
bulkTestAsMap, 1
isPrefix, 2
synchronizedBag, 1
expectTrueWhenBothComparatorsAreLocked, 1
isFailFastExpected, 1
predicatedSortedBag, 1
testMakeMap, 1
testRemoveCalledTwice, 1
getListIterator, 1
getSortedMap, 1
testHashSet, 1
testNullHighComparator, 1
testToString, 1
getNextNode, 1
isAllowNullKey, 1
testKeySetRetainAll, 2
testStoreToXMLOutputStreamWithEncoding, 1
collect, 1
testSubtractNullElement, 1
isNullBitKey, 1
createPredicatedList, 1
addNode, 1
setLeft, 1
cosineDistance, 1
testQueueElement, 4
inRange, 1
collatedIterable, 1
setUnknownObjectBehavior, 1
testFactoryMethodOf, 1
fromBitMapExtractor, 3
setupBag, 1
testCursorSet, 1
testCountingSpecificMerge, 1
testMapPutNullKey, 3
keySet, 1
removeNode, 1
testDuplicateSetEmptyList, 1
testSampleMappings, 3
testDoWhileClosure, 1
testMultipleFilters, 1
testIsNotEmptyWithEmptyCollection, 1
hashSet, 2
testAddThenSet, 2
testGetSet, 1
replaceInternal, 3
testAsIterableNull, 1
assertAscendingOrder, 5
populateRange, 3
notPredicate, 1
andPredicate, 1
nextElement, 1
unmodifiableBidiMap, 2
readableMap, 2
listOrderedSet, 2
fromKM, 1
createEntrySetIterator, 1
testFromIndexArray, 2
countMatches, 1
testTruePredicate, 1
testSynchronizedCollection, 1
bulkTestNavigableSetHeadSet, 1
newListValuedHashMap, 1
failFastMethod, 7
testCleanup, 1
testTransformedList_decorateTransform, 1
testSerializeDeserializeThenCompare, 5
testMapIteratorRemoveGetKey, 2
nextEntry, 2
testCustomPurge, 5
testMapIteratorSet, 3
testSize_Array, 1
getCompatibilityVersion, 1
testSizeIsEmpty_PrimitiveArray, 1
getLongBit, 1
assertContents, 1
readObject, 1
removeMax, 3
closureTransformer, 1
expirationTime, 3
atomic, 2
addFilter, 1
testDuplicateSetWithDuplicates, 1
testPurgeValues, 4
testRemoveFromDouble, 3
testGetFromHashMap, 1
testIterableMap, 1
incrementSize, 1
testTrimToSize, 1
testFactoryTransformer, 1
testVerbosePrintNullLabelAndMap, 1
descendingIterator, 1
testCircularFifoQueueRemove, 2
entryValue, 1
anyHasNext, 2
testBagEquals, 2
testBagAdd, 2
getFromIterator, 1
testGet, 1
getQueue, 1
getIteratorIndex, 2
testOrPredicateEx, 1
testAddIgnoreNullNullColl, 1
testRetainAllNullBaseColl, 1
setUpMutatorTest, 1
getBranch, 1
initFixedSizeList, 1
fromNM, 1
testListListIteratorByIndex, 3
testCursorNextIndexAddNext, 1
testUnmodifiableSetWrap, 1
makeRed, 2
fromNP, 2
testSubListRemove, 1
transformedBag, 2
chainedIterator, 1
testExhaustivityWithEmptyLastList, 2
isAddSupported, 1
testExhaustivityWithEmptyList, 2
prefixMap, 1
testGetProbability, 2
testUniqueListReInsert, 1
testIsEqualCollection, 1
testValuesIteratorRemoveChangesMap, 3
setSourceMap, 1
testMultiKeyRemove, 7
testAndPredicate, 1
testMergeShortBitMapExtractor, 1
transformingList, 1
testPrefixMapSizes, 1
testNormalIteration, 1
doWriteObject, 1
testSynchronizedRemoveFromEntrySet, 4
testNotPredicate, 1
testInvertMap, 1
testTransformedList, 3
testSelectWithOutputCollections, 1
testPutAllWithIndexBug441, 4
run, 3
isEqualKey, 1
supportsSet, 1
testSave, 1
testLRU, 2
testPrefixMapSizes2, 1
testRemove3, 1
testRemove2, 1
testRemove5, 1
testRemoveKey, 1
testRemove4, 1
removeByEntrySet, 1
testRemove1, 1
getFullNonNullStringElements, 1
fromPMK, 1
testAppendIterable, 1
testSameAsDecorated, 1
testEmptyQueueCompatibility, 2
testListListIterator, 1
getKey, 2
filteredIterator, 1
testIntersectionLimit, 3
testGetFloatValue, 1
identityPredicate, 2
findNextByIterator, 6
purgeBeforeWrite, 1
isNullSupported, 1
mergeIncrementsAllCellsTest, 1
testEmptyIfNull, 1
testPutAll, 1
testFromNP, 1
testEmptyUnmodifiableMultiValuedMap, 1
getLeftSubTree, 1
getNumberOfBits, 1
testGetFromTreeMap, 1
transformingNavigableSet, 1
invokerPredicate, 1
unregisterCursor, 4
moveToMRU, 4
testFromNM, 1
firstKey, 1
strongKeys, 1
isExternalNode, 1
testMapEntrySetRemoveNonMapEntry, 2
getTransformers, 1
testDuplicateListMultipleDuplicatesInDequeReverse, 1
testLoadFile, 1
leastNode, 3
testInternalState_CursorNextNextPreviousRemoveByIterator, 1
getOrderedMapIterator, 1
next, 1
getTrueFirstComparator, 1
testPermutationsWithNullCollection, 1
testAddNullLists2Args, 1
nextIndex, 1
predicatedList, 1
setRed, 1
testBehaviourAsIndexArray, 3
makeValue, 1
testLimit, 1
createProperties, 1
testOrCardinality, 1
testDuplicateSetEmptyDeque, 1
now, 1
testSizeNull, 1
testNodeListIterator, 1
getOtherNonNullStringElements, 1
testCursorNextIndexMid, 1
getEntry, 5
createHeaderNode, 1
testFullQueueCompatibility, 2
testGetIndex, 3
testNeverAdvance, 2
testLoadFromXML, 1
fromBloomFilterArray, 2
supportsEmptyCollections, 1
boundedIterator, 1
testConstructorException3, 1
testSingletonIterator, 1
testGetSetComparator, 1
testConstructorException1, 1
testDuplicatSetAllSameInDeque, 1
testRemove7, 1
testConstructorException2, 1
testRemove6, 1
testSwitchTransformer, 1
testRemove9, 1
testKeyValue, 1
testRemove8, 1
nopClosure, 1
testInstantiateFactoryComplex, 1
estimateN, 3
testDuplicateSetInSet, 1
testBidiHeadMapContains, 1
testTransform1, 1
testTransform2, 1
testBagRemove, 2
testCollections555, 1
testConstructorPlusAdd, 1
putIfAbsent, 2
testWalkLists, 1
testPredicateTransformer, 1
testEqualsAndHashCode, 1
lazyList, 1
nodeRemoved, 4
testDecorateFactory, 1
transformMap, 2
testBidiMapIteratorSet, 2
getFalseFirstComparator, 1
checkCalculatedProbability, 2
bitIndex, 1
testNoCleanup, 2
isTestSerialization, 1
testCollectionSize, 1
testListAllowsMutationOfUnderlyingCollection, 1
transformedSortedMap, 1
testListToPrintStream, 1
testGetValuesAsList, 1
defaultedMap, 1
getConstant, 1
testTotalSizeA, 1
testKeysMultiSet, 2
testNullFactory, 1
mapTransformer, 2
testIsEmptyWithNull, 1
testDifference, 1
asPredicate, 1
getSampleKeySize, 1
getExpectedValues, 1
setSupplier, 1
getMapping, 1
item, 1
testCollectionRemove, 3
testIteratorLastEntryCanBeRemovedAfterHasNext, 1
testNotPredicateEx, 1
testContainsAnyInCollection, 1
testCollectionToString, 1
shrinkCacheToMaximumSize, 2
singletonListIterator, 1
doPut, 7
serialize, 1
createSubListIterator, 1
testMapComputeIfPresentOnEmpty, 1
testNullIsExceptionPredicate, 1
testReset, 1
reset, 1
testToMapEntry, 1
testPredicatedMultiSet, 1
testLastKey, 2
testRemoveLRUBlocksRemove, 1
removeMin, 3
testPut_intObjectObject, 2
insertOnRight, 3
testNoopComparatorChain, 1
testListAddRemove, 1
anyPredicate, 3
increment, 2
testInternalState_CursorNextNextNextRemoveIndex1ByList, 1
testPreviousKey, 4
testAddAllToCollection, 1
bulkTestListView, 1
predicatedBag, 1
generateIOExceptionClosure, 1
invokerTransformer, 3
bulkTestInverseMap, 1
testPredicateShorter, 1
getFullNonNullElements, 1
testRemoveCount, 1
testComparatorCompatibility, 3
testLoopingIterator, 1
testRemoveFromSingle, 3
testNullIsExceptionPredicateEx1, 1
testCursorNavigation, 1
duplicateSequencedSet, 1
isSetValueSupported, 1
testTarget, 1
testToPropertiesEmpty, 1
visitDeleteCommand, 1
testDuplicateSetMultipleDuplicatesInDeque, 1
supportsSetValue, 1
testEmptyMultiSet, 1
testCollateIgnoreDuplicates, 1
testSum, 1
modifyEntrySet, 1
testRemoveIf, 1
testAsIndexArrayValues, 1
testForEachIndexEarlyExit, 1
unmodifiableBag, 1
transformingSortedSet, 1
testShrinkCache, 2
testPartitionMultiplePredicates, 1
getLCSLength, 1
testIfClosure, 1
getClass, 1
testValueList_getByIndex, 2
testDuplicateSetSingleElement, 1
allTests, 2
testRemoveKeyValue, 2
testUnmodifiableValues, 1
supportsFullIterator, 1
decorateList, 1
testMultipleCollectionsSize, 1
makeFilter, 1
testIterationOrderAfterAddAll, 6
verifyMaxInsert, 1
testKeySetRemoveAll, 2
testFiltering, 3
resetEmpty, 1
testFactory, 1
testMultiSetToArrayPopulate, 2
isEqualList, 5
testIsEqualCollectionReturnsFalse, 1
buildOne, 1
getConfirmedLinkedList, 1
containsKey, 1
getOtherValues, 1
setCleanup, 1
getTrueTransformer, 1
advanceOnSaturation, 2
setValueReferenceType, 1
testSizeIsEmpty_Null, 1
nextEntryInSubtree, 2
bulkTestKeyListView, 1
filterInverse, 1
makeConfirmedFullCollection, 1
testUnmodifiableIteratorIteration, 1
transformedSet, 2
testWalkForwardAndBack, 3
testAccessorsAndMutators, 1
testBidiRemoveBySubMapEntrySet, 2
testNullIsFalsePredicate, 1
testCardinalityAndIsEmpty, 1
insert, 2
testNextKey, 4
generatePredicate, 1
testWritableMap, 1
testInstanceOfPredicate, 1
checkNumberOfHashFunctions, 2
assertSameAfterSerialization, 1
testEval, 1
createTestMap, 1
unmodifiableSet, 2
getConfirmed, 1
bulkTestNavigableSetTailSet, 1
generateNullPointerExceptionClosure, 1
doEquals, 7
testGetCardinalityMapNull, 1
emptyQueue, 1
testSafeAddToMap, 1
testCompareLessOrEqual, 1
getProperty, 1
rotateRight, 4
testRetainAll, 1
getMapIterator, 1
testBadProbability, 1
predicatedNavigableSet, 1
testLinkedListGetLast, 1
testLoadClassLoaderMissingResource, 1
testBadNumberOfItems, 1
assertIndexExtractorMerge, 1
testInitialCapacityZero, 1
testConstructorEx, 1
testLazyMapTransformer, 2
testClone, 1
testListRemoveByIndex, 3
testPushBackIterator, 1
testFailFastValues, 3
checkNonNullComparable, 2
getAsList, 1
testIteratorConstructorIteration_WithEmptyIterators, 2
rangeCheck, 2
isGetStructuralModify, 1
instantiateFactory, 3
getCanonicalComparatorName, 1
visit, 1
predicatedSet, 1
setIterator, 1
getMultiKeyKeys, 1
mapBackedSet, 1
testListIteratorAdd, 1
testGrowthAddAll, 1
testMapContainsKey, 1
testBidiClearByHeadMap, 2
initIterator, 1
bulkTestNavigableSetSubSet, 1
asList, 1
isRightChild, 1
unmodifiableCollection, 2
offer, 1
testRemoveError9, 1
testComparator, 1
testRemoveError8, 1
testSinglePeek, 1
testRemoveError7, 1
testRemoveError6, 1
testIteration_IteratorOfIterators, 2
getOtherElements, 1
testRemoveError5, 1
testRemoveError4, 1
testRemoveError3, 1
testSubListWitheFactory, 1
testRemoveError2, 1
toMapEntry, 1
testFalsePredicate, 1
testReplaceOldValue, 1
predicateTransformer, 2
buildRefMap, 1
testEmptyMultiSetCompatibility, 2
grow, 1
testTwoArgCtor, 1
shrink, 1
subMap, 1
writableMap, 2
testFilterInverseNullParameters, 1
testLength, 2
testIllegalRemove, 1
hashCodeForList, 2
getEnd, 1
testRemoveNode, 2
testUnmodifiableEntries, 1
testSynchronizedSortedBag, 1
testListValuedMapRemoveViaListIterator, 2
getType, 1
testCompareLess, 1
testIsEqualCollection2, 1
testFullListSerialization, 2
getAsIndexArrayBehaviour, 1
pollFirst, 1
testAsMapGet_Empty, 1
headMap, 1
testNegativeIntersection, 1
testNullPredicate, 1
setName, 1
testContainsAnyNullColl1, 1
testMax, 1
testContainsAnyNullColl3, 1
testContainsAnyNullColl2, 1
testExecution, 2
walkForward, 2
testVerbosePrintNullKeyToMap2, 1
testSerialization, 1
attemptGetOperation, 1
removeLast, 2
getValuesAsList, 3
testSizeIsEmpty_Other, 1
testForEachBitMapPairEarlyExit, 1
testVerbosePrintNullKeyToMap1, 1
search, 3
estimateIntersection, 5
testTransform, 1
testInstantiateFactorySimple, 1
nullFactory, 1
addTree, 1
testTransformedSet_decorateTransform, 1
getLeaf, 1
testAddNodeAfter, 2
testBidiClear, 2
testPredicatedSortedBag, 1
testListRemoveByIndexBoundsChecking, 2
createEmptyFilter, 1
isAllowNullValuePut, 1
set, 1
testDebugPrintNullKeyToMap2, 1
testDebugPrintNullKeyToMap1, 1
testCollatedIteratorCollectionNull, 1
compareSpeed, 3
assertMapContainsAllValues, 3
decorateMultiSet, 1
getSampleKeys, 1
testSize_Enumeration, 1
nextKey, 4
checkNotStarted, 2
addToIndex, 2
makeDefaultKeyValue, 1
testRetainAllWithEquator, 1
getArray, 1
testMultiSetRetainAll, 2
testForEachPairArrayTooLong, 1
getUnknownObjectBehavior, 1
nullIsFalsePredicate, 1
testNopTransformer, 1
testFullQueueSerialization, 2
testCollateWithComparator, 1
getFirst, 1
supportsFullCollections, 1
testMultiSetIteratorFailNoMore, 2
testUnsupportedRemove, 1
testEmptyExtractor, 1
testAllPredicate, 1
testRehash, 1
setKey, 1
testDebugPrint, 1
trueFirstTests, 1
testSkipping, 1
expectTrueWhenBothComparatorsWithoutAnyItems, 1
getMaxCell, 1
getWrapped, 1
getHasherSize, 1
emptyIteratorIfNull, 1
eq, 1
testMultiSetToArray, 2
testIllegalSet, 1
testMergeWithHasher, 2
collate, 1
testInternalState_CursorNextNextRemoveByListSetByIterator, 1
testFullIteratorWithNodeConstructor, 1
testRemoveUnsupported, 1
testFromNMK, 1
isSubMapViewsSerializable, 1
fixup, 6
testPrototypeFactoryPublicCloneMethod, 1
cursor, 1
checkKeyAndValue, 1
transformedMap, 2
transformingSortedBag, 1
testListIndexOf, 1
testRemoveAllWithEquator, 1
verifyMap, 1
getFloat, 1
orderedMap, 1
advanceOnCount, 2
testKeySetClearChangesMap, 2
testNullArray, 1
testPoll, 1
inFromRange, 1
nextIterator, 3
testCursorRemove, 1
testEntrySetRemove1, 2
verifyPredicates, 1
testEntrySetRemove3, 2
gc, 1
testEntrySetRemove2, 2
views, 1
testInsertionOrder, 2
predicatedMap, 1
removeLRU, 2
resetFull, 1
transformedIterable, 1
testIdentityPredicate, 1
testRemoveError1, 1
testPrototypeFactoryPublicSerializationError, 1
newArray, 1
testIsProperSubCollectionNullColl2, 1
getForEachIndexBehaviour, 1
getString, 1
testIsProperSubCollectionNullColl1, 1
testNextAndGetDepth, 1
testExcludesDuplicates, 1
testMultiKeyContainsKey, 6
testRemoveFromFilteredIterator, 2
createIterator, 1
testMapSize, 1
testBuilder, 1
getIterationBehaviour, 1
synchronizedMultiSet, 1
getMapEntry, 1
setup, 1
uncaughtException, 1
createBidiMap, 1
arrayIterator, 1
nullPredicate, 1
switchMapTransformer, 1
testVerbosePrintSelfReference, 1
select, 2
testIndexExtractorMerge, 1
testEntrySetRemoveAll, 4
testCollect, 1
getImmutableIterator, 1
decorateMap, 1
testEstimateN, 1
suiteList, 1
containsValue, 1
testHashing, 1
testUnique, 1
sortedKeys, 1
testBadNoopComparatorChain, 1
testSubtractWithPredicate, 1
testTransformerClosure, 1
testInvertEmptyMap, 1
freqB, 1
testAsBitMapArray, 2
testMatchesAny, 1
testKeysBagContainsAll, 3
freqA, 1
listOrderedMap, 1
testGetLayer, 1
getToKey, 1
testLoadUrl, 1
testLoadUri, 1
testDecorate, 1
testMergeWithBitMapExtractor, 2
lower, 1
testUnmodifiableSortedMap, 1
hasNext, 1
removeComposited, 1
orderIndependentTests, 1
testMapTransformer, 1
testRemovingElementsAndIteratingBackwards, 1
testGetFromPrimitiveArray, 1
testSetValueByIndex, 2
testToListWithStringTokenizer, 2
resettableEmptyListIterator, 1
testIndexOf, 1
testFullIterator, 3
getScript, 1
makeObject, 1
testRemoveCountWithNull, 1
testLazySortedMapFactory, 1
testCollectionIsEmpty, 1
testExtractSingleton, 1
testBagIteratorFail, 2
verifyValues, 1
addLast, 1
testMatchesAll, 1
testAnyMatch, 1
testBagIterator, 5
testForEachRemaining, 1
testSizeIsEmpty_Enumeration, 1
getNearestEntryForKey, 4
getVerboseName, 1
testListListIteratorPreviousRemovePrevious, 3
testCreateNullGapsWithTransformer, 1
testCompareGreater, 1
stringPropertyNames, 1
testFullListCompatibility, 3
testInvokerPredicate2, 1
zippingIterable, 2
testListIteratorNavigation, 1
broadcastNodeRemoved, 3
verifyUnmodifiable, 2
testRemoveByIndex, 3
testBidiKeySetValuesOrder, 2
testNoMappingReturnsNull, 1
getRight, 1
loopingListIterator, 1
equals, 1
keyEq, 1
isKeyType, 1
testMultiKeyPutWithNullKey, 1
testCountingBloomFilterSpecificContains, 1
checkPredicatedCollection2, 1
testFullMap, 1
checkPredicatedCollection1, 1
testSwitchClosure, 1
getCanonicalEmptyCollectionName, 1
testFindIndexExtractor, 1
testEquals1, 1
testLoadClassLoaderResource, 1
testEquals2, 1
testExceptionPredicate, 1
chainedClosure, 1
testRemoveCountNegative, 1
testUnmodifiableMultiSet, 1
testListAddReplacing, 1
testSparseNonSparseMerging, 1
testMapEquals, 1
testMultiplePeek, 1
testTailMap, 1
removeInternal, 7
testAddMappingThroughGet, 1
limit, 1
expectFalseWhenBothComparatorsWithDifferentUnknownObjectBehavior, 1
createEntrySet, 1
nodeChanged, 1
createUniqueSet, 1
testQueuePeek, 4
testGetNumberValueWithInvalidString, 1
entryAfter, 1
testAsBitMapArrayLargeArray, 2
entrySet, 1
nonUniqueIndexedCollection, 1
testEmptyMap, 1
getRightSubTree, 1
testKeyTransformedMap, 2
inverseOrderedBidiMap, 1
testRetainAllWithInitialList, 4
setKeyReferenceType, 1
testOrCardinalityWithDifferentLengthFilters, 1
testElements, 1
buildScript, 6
testIfTransformer, 1
testAdvanceOnCountInvalidArguments, 1
testStaticFactoryMethods, 1
keys, 1
unmodifiableOrderedMapIterator, 2
testUnmodifiableTrie, 1
testSetUpwardsInList, 1
testFromBitMapExtractor, 2
testSizeIsEmpty_Iterator, 1
collatedIterator, 1
testIsNotEmptyWithNonEmptyCollection, 1
of, 1
testComparator2, 1
testEnumeration, 1
testCollectionToArray2, 5
clearPreviousObject, 1
testSwitchMapTransformer, 1
testUniqueListDoubleInsert, 1
assertDescendingOrder, 5
rejectedElements, 1
testIntersectionUsesMethodEquals, 1
keyRef, 1
getKeys, 1
entryNext, 1
testCollectionAdd, 3
nonePredicate, 2
testGetIntValue, 1
testEqualsAfterSerializationOfDerivedClass, 1
assertCell3, 2
getNode, 7
testGetLongIndex, 1
testBagEqualsSelf, 2
testSubtract, 1
testRemoveThrows, 1
transformingSet, 1
checkCapacity, 3
testUnmodifiableMap, 1
testCollate, 1
getDoubleValue, 1
testConvertResourceBundle, 1
testUnionNullColl2, 1
testBagEqualsHashBag, 2
testUnionNullColl1, 1
testIllegalAddAll, 1
testRemoveFromUnderlying, 1
testBidiTailMapContains, 1
testIsSubCollectionNullColl2, 1
testIsSubCollectionNullColl1, 1
iterator, 1
testIntersectListWithNoOverlapAndDifferentTypes, 1
testIsEmpty, 1
calculateHashCode, 2
supportsEmptyIterator, 1
testFailFastKeySet, 3
testMapContainsValue, 2
testAccessOrder, 2
testAddMutator, 1
nullArrayToGetInstance, 1
tailSet, 1
notNullPredicate, 1
getObject, 3
readResolve, 1
synchronizedSortedSet, 1
safeAddToMap, 1
testGetDoubleValue, 1
subtract, 1
testSize0, 1
testFixedSizeSortedMap, 1
testLazyMapFactory, 1
testReindexUpdatesIndexWhenDecoratedCollectionIsModifiedSeparately, 1
testPut, 1
accept, 3
testIterator, 1
testMultiSetSize, 2
testUnmodifiableIterator, 1
testIntersectListWithSelf, 1
verifyIteration, 1
verbosePrint, 1
testBugCollections447, 1
testpredicatedSet, 1
testIterationOrder, 5
asMap, 1
testValuesRetainAll, 2
testSynchronizedRemoveFromValues, 4
testListValuedMapEqualsHashCodeContract, 1
buildTwo, 1
sum, 1
makeEmptyIterator, 1
testNextAndPreviousIndex, 1
testIsNotEmptyWithNonEmptyMap, 1
testRemoveUnderlying, 1
createUniqueSetIterator, 1
getFromIterable, 1
current, 2
testRemoveAll, 1
testTransformedCollection_decorateTransform, 1
testGrowthSet2, 1
verifyInverse, 1
testGrowthSet1, 1
testPropertyName, 1
setTransformer, 1
checkNumberOfBits, 2
key, 2
testCosineDistance, 1
convertKey, 1
processBitMapPairs, 1
testAddAllNullColl5, 1
assertNotCollectionContains, 1
testOnePredicate, 1
testLinkedListRemoveLast, 2
isAllowDuplicateValues, 1
emptyListIterator, 1
toMap, 2
testFindBloomFilter, 1
testAddAllNullColl4, 1
testInternalState_CursorNextNextAddByIterator, 1
testAddAllNullColl3, 1
skippingIterable, 1
testAddAllNullColl2, 1
addSetValues, 1
populateEntireFilter, 1
testIterateEvenOdd, 2
testVerbosePrintNullLabel, 1
setForwardSort, 1
testBidiRemoveByTailMap, 2
setUpTest, 1
frequency, 3
testTransformerDecorate, 1
testEmptyOrderedIterator, 1
testSkip, 1
testExhaustivityWithAllEmptyLists, 2
hasMoreElements, 1
cloneMapEntry, 1
fixedSizeList, 1
testExhaustivityWithSameList, 2
testFirstFromIterableIndexOutOfBoundsException, 1
testBitMapExtractorSize, 1
testOrderedMapIterator, 1
bulkTestBagUniqueSet, 1
testExecutorTransformer, 1
testGetByIndex, 2
testDebugPrintNullLabelAndMap, 1
testSize_Key, 4
filteredIterable, 1
calculateNumberOfHashFunctions, 2
testAsIterable, 1
testBidiModifyEntrySet, 2
testFilteredListIterator, 1
populateFromHashersFrom1AndFrom11, 1
createNodes, 1
bulkTestValueListView, 1
transformingBag, 1
higher, 1
synchronizedSortedBag, 1
testLooping0, 1
testLooping1, 1
readExternalFormFromStream, 1
testLooping2, 1
testLooping3, 1
testPermutationUnicity, 2
setConfirmed, 1
testAddComposited, 1
removeRange, 3
lastKey, 1
isValueType, 1
testContainsKey, 1
testAddAsEqual, 1
fromIndexExtractor, 1
testLegalAddAll, 1
testPartition, 2
testAddAllForIterable, 1
pushback, 1
bulkTestSortedSetTailSet, 1
testForClosure, 1
previous, 1
testTransformedCollection, 2
testBooleanComparator, 1
testReplaceKeyValueValue, 3
boundedIterable, 1
testFrequencyOfNull, 1
testGetValueByIndex, 2
testAsBloomFilterArray, 1
bitsPerElement, 1
sortObjects, 1
testFind, 1
testSwitchMapClosure, 1
getLength, 1
isRed, 1
previousIndex, 1
transformingQueue, 1
testExhaustivityWithEmptyFirstList, 2
testBagIteratorRemoveProtectsInvariants, 2
testDuplicateListMultipleDuplicatesInDeque, 1
assertNotRemoveAllFromCollection, 1
makeConfirmedCollection, 1
testStringValueTransformer, 1
unmodifiableOrderedBidiMap, 2
getSubSet, 5
testEntriesCollectionIterator, 3
testEmptyListSort, 1
testTransformingCollectionNullTransformer, 1
softValues, 1
getLongValue, 1
forAllDo, 2
testEmptyChain, 1
testInstantiateFactoryNoConstructor, 1
testNewIdentityHashSet, 1
testUnsupportedAdd, 2
getTestShape, 1
testGetFromMapIndexOutOfRange, 1
getComparator, 1
insertOnLeft, 3
containsAny, 4
fixedSizeMap, 1
createFilter, 1
testOnePredicateEx6, 1
testDefaultIfNull, 1
isEqualBitKey, 1
testTrueAndFalseCombined, 1
push, 1
processRemaining, 2
bulkTestTailMap, 1
selectR, 6
iterableSortedMap, 1
setReverseSort, 1
setTable, 1
testOnMaxSizeIllegalValues, 1
reuseEntry, 1
testChainedIterator, 1
removeEntry, 2
testSetIterator, 1
testEmptyListCompatibility, 2
unsupportedOperationException, 1
testTransformedQueue, 2
addBranch, 1
testListSetByIndexBoundsChecking, 1
testMapRemove, 3
testRemoveMappingException, 1
setMaximumCacheSize, 1
findConstructor, 1
testOnePredicateEx1, 1
testOnePredicateEx4, 1
testOnePredicateEx5, 1
unmodifiableMultiSet, 2
getEndIndex, 1
testOnePredicateEx2, 1
get, 1
testOnePredicateEx3, 1
attemptPutOperation, 1
copy, 1
testAsMapRemove, 2
testSingletonListIterator, 1
testIsProperSubCollection, 1
testRemoveViaValuesRemove, 3
isFromInclusive, 1
emptyMapIterator, 1
containsAll, 1
testSubListAddEnd, 1
testExpiration, 4
testNeitherPredicate, 1
testFactory_Decorate, 1
filter, 1
testCollectionAddAll, 3
expect, 1
testCtors, 1
decrement, 2
elements, 1
testNewStack, 1
testForEachBitMapPair, 3
removeAllExpired, 3
findCloneMethod, 1
testLock, 1
getIterators, 1
testToProperties, 1
testListAddByIndexBoundsChecking2, 1
getStart, 1
testKeySetIteratorRemoveChangesMap, 2
testCollectionContains, 4
isToInclusive, 1
getInteger, 1
falseFirstTests, 1
toPropertyFormat, 1
testIndexedArray, 3
testReplaceAll, 1
setEnumeration, 1
testSynchronizedMultiSet, 1
create, 1
testThrowingClosure, 1
testBitMapExtractorEdgeCases, 3
testForEachBitMap, 2
testContains_LANG_1261, 1
setUniqueList, 2
checkLocked, 2
executeAndThrow, 1
toLong, 2
testKeysBagIterator1, 2
writeObject, 1
testInternalState_CursorNextNextSetByIterator, 1
testKeysBagIterator2, 2
testLinkedListAddLast, 2
testIntersection, 1
replay, 1
checkKey, 1
testGetKeysSimpleConstructor, 1
testIsEmptyWithNonEmptyCollection, 1
softKeys, 1
testLoadOrderedKeysReverse, 1
testNullIsTruePredicate, 1
testGetCardinalityMap, 1
castKey, 1
testValueTransformedMap, 2
bulkTestListIterator, 1
testEntrySetContains3, 1
cloneTransformer, 1
testEntrySetContains2, 1
testEntrySetContains1, 1
testInstantiateFactoryNull, 1
transformingCollection, 1
nullIsTruePredicate, 1
testIsFull, 1
bulkTestMapValues, 1
assertFailedIndexExtractorConstructor, 1
getOffset, 2
testRemoveCountWrongCount, 1
testListValuedMapAddViaListIterator, 1
isLeftChild, 1
testIsSparse, 3
registerCursor, 1
processBloomFilterPair, 1
prototypeFactory, 3
applyIfPresent, 3
testInternalState_CursorNextNextPreviousAddIndex1ByList, 1
testMapIterator, 1
testMultiSetAdd, 2
testGrowthList, 1
inRange2, 1
testIterateOddEven, 2
testElementCreationWithTransformer, 1
unmodifiableIterator, 1
transformedComparator, 2
resolveCollision, 1
getShort, 1
supportsRemove, 1
testSerializationWithOpenCursor, 1
testDuplicateListNoDuplicates, 1
cardinality, 1
testMultipleValues, 3
entryHashCode, 1
exceptionTransformer, 1
testMapIteratorOrder, 4
notNullBuilder, 1
reverseObjects, 1
convertToMap, 6
whileClosure, 1
setupFindTest, 1
randomHasher, 1
